"","aef","Uniformity.of.coverage..Pct...0.2.mean.","Unique.base.enrichment","Mean.target.coverage.depth","Percent.duplicate.aligned.reads","qual Uniformity","qual Unique","qual Mean","sno","qual Percent"
"1","12001P001",94.28,66,67.7,12.38,"intermediate","intermediate","intermediate",1,"good"
"2","12001P002",95.1,65.79,72.8,16.93,"intermediate","intermediate","intermediate",2,"intermediate"
"3","12001P003",94.6,67.09,56,11.5,"intermediate","good","bad",3,"good"
"4","12001P004",91.54,67.9,51.3,16.77,"intermediate","good","bad",4,"intermediate"
"5","12001P005",95.66,62.26,98,28.93,"intermediate","intermediate","intermediate",5,"intermediate"
"6","12001P006",94.73,62.95,92,30.03,"intermediate","intermediate","intermediate",6,"intermediate"
"7","12001P007",95.19,64.84,99.9,16.81,"intermediate","intermediate","intermediate",7,"intermediate"
"8","12001P008",95.31,63.09,94.7,15.53,"intermediate","intermediate","intermediate",8,"intermediate"
"9","12001P009",95.81,59,134,12.17,"intermediate","intermediate","intermediate",9,"good"
"10","12001P010",96.27,63.74,140.4,11.63,"good","intermediate","intermediate",10,"good"
"11","12001P011",96.24,63.53,139.4,12.8,"good","intermediate","intermediate",11,"good"
"12","12001P012",96.27,63.37,117,10.36,"good","intermediate","intermediate",12,"good"
"13","12001P013",95.66,64.01,138.8,12.42,"intermediate","intermediate","intermediate",13,"good"
"14","12001P014 A",96.3,53.53,49.3,6.89,"good","intermediate","bad",14,"good"
"15","12001P014 B",96.08,54.19,106.7,9.77,"good","intermediate","intermediate",15,"good"
"16","12001P015",82.63,67.55,112.2,26.82,"bad","good","intermediate",16,"intermediate"
"17","12001P016",96.2,59.61,114.8,11.1,"good","intermediate","intermediate",17,"good"
"18","12001P017",96.31,64.24,75.9,18.25,"good","intermediate","intermediate",18,"intermediate"
"19","12001P018",94.14,54,108,13.28,"intermediate","intermediate","intermediate",19,"intermediate"
"20","12001P019",91.39,65.71,208.3,16.69,"intermediate","intermediate","good",20,"intermediate"
"21","12001P020",92.47,63.55,90,27.8,"intermediate","intermediate","intermediate",21,"intermediate"
"22","12001P022",92.24,69.51,37.6,13.35,"intermediate","good","bad",22,"intermediate"
"23","12001P023",88.62,67.79,87.8,28.06,"intermediate","good","intermediate",23,"intermediate"
"24","12001P025",95.09,53.49,99.7,9.65,"intermediate","intermediate","intermediate",24,"good"
"25","12001P026",95.5,67.14,98.8,13.75,"intermediate","good","intermediate",25,"intermediate"
"26","12001P027",96.09,53.07,146.4,10.45,"good","bad","intermediate",26,"good"
"27","12001P028",94.64,68.08,71,15.6,"intermediate","good","intermediate",27,"intermediate"
"28","12001P033",92.65,57.88,97.5,10.94,"intermediate","intermediate","intermediate",28,"good"
"29","12001P035",96.65,59.18,116.8,8.61,"good","intermediate","intermediate",29,"good"
"30","12001P036",94.57,63.99,95.9,11.77,"intermediate","intermediate","intermediate",30,"good"
"31","12001P037",94.71,65.9,107.3,19.63,"intermediate","intermediate","intermediate",31,"intermediate"
"32","12001P042",95.87,57.68,126.8,11.8,"intermediate","intermediate","intermediate",32,"good"
"33","12001P043",94.47,61.18,113,11.98,"intermediate","intermediate","intermediate",33,"good"
"34","12001P044",95.39,49.33,102.7,13.22,"intermediate","bad","intermediate",34,"intermediate"
"35","12001P046",97.16,54.04,123.4,14.98,"good","intermediate","intermediate",35,"intermediate"
"36","12001P048",92.79,62.19,112.7,18.47,"intermediate","intermediate","intermediate",36,"intermediate"
"37","12001P054",96.07,56.52,103.4,9.36,"good","intermediate","intermediate",37,"good"
"38","12001R040",95.38,39.54,46.5,21.38,"intermediate","bad","bad",38,"intermediate"
"39","12001R051",94.84,53.03,61.4,11.82,"intermediate","bad","bad",39,"good"
"40","12002P001",94.43,52.46,67.7,21.47,"intermediate","bad","intermediate",40,"intermediate"
"41","12003P002",94.69,65.75,119.6,13.25,"intermediate","intermediate","intermediate",41,"intermediate"
"42","12003P003",88.44,59.4,78.5,21.97,"intermediate","intermediate","intermediate",42,"intermediate"
"43","15000P001",94.49,57.57,88.4,21.76,"intermediate","intermediate","intermediate",43,"intermediate"
"44","29001P001",95.68,55.8,117.3,10.47,"intermediate","intermediate","intermediate",44,"good"
"45","29001P002",97.49,53.96,89.2,12.57,"good","intermediate","intermediate",45,"good"
"46","29001P003",91,58.61,85.4,15.15,"intermediate","intermediate","intermediate",46,"intermediate"
"47","34002P001",91.77,59.05,87.4,19.16,"intermediate","intermediate","intermediate",47,"intermediate"
"48","34002P002",96.27,58.53,97.4,26.32,"good","intermediate","intermediate",48,"intermediate"
"49","34003P002",96.15,65,119.7,11.62,"good","intermediate","intermediate",49,"good"
"50","34003P004",90.5,58.64,112.7,10.51,"intermediate","intermediate","intermediate",50,"good"
"51","34003P005",96.72,57.24,110.9,10.23,"good","intermediate","intermediate",51,"good"
"52","34003P007",92.53,57.25,104.9,10.63,"intermediate","intermediate","intermediate",52,"good"
"53","34003P008",96.23,55.34,116.6,10.67,"good","intermediate","intermediate",53,"good"
"54","34003P010",96.02,54.04,123.4,9.4,"good","intermediate","intermediate",54,"good"
"55","34003P011",93.67,59.77,94.5,12,"intermediate","intermediate","intermediate",55,"good"
"56","34003P012",96.63,57.62,147.2,11.38,"good","intermediate","intermediate",56,"good"
"57","34003P016",94.95,64.29,148.4,13.71,"intermediate","intermediate","good",57,"intermediate"
"58","34004P001",94.84,66.2,89.6,18.97,"intermediate","good","intermediate",58,"intermediate"
"59","34005P001",95.29,60.56,114.3,11.44,"intermediate","intermediate","intermediate",59,"good"
"60","34005P002",89.1,57.75,145,6.04,"intermediate","intermediate","intermediate",60,"good"
"61","34005P003",95.05,57.6,126.8,11.96,"intermediate","intermediate","intermediate",61,"good"
"62","34005P004",96.27,56.44,92.7,9.7,"good","intermediate","intermediate",62,"good"
"63","34005P005",95.34,57.36,108.1,10.8,"intermediate","intermediate","intermediate",63,"good"
"64","34005P006",95.82,53.95,105.1,11.99,"intermediate","intermediate","intermediate",64,"good"
"65","34005P008",94.59,58.8,98,15.24,"intermediate","intermediate","intermediate",65,"intermediate"
"66","34007P001",95.55,61.45,91.6,34.37,"intermediate","intermediate","intermediate",66,"intermediate"
"67","34007P002",94.94,63.34,109.4,13.61,"intermediate","intermediate","intermediate",67,"intermediate"
"68","34007P003",95.8,64.68,90.4,14.31,"intermediate","intermediate","intermediate",68,"intermediate"
"69","34007P004",92.82,58.02,92.3,7.21,"intermediate","intermediate","intermediate",69,"good"
"70","34007P006",94.06,66.49,80.7,18.58,"intermediate","good","intermediate",70,"intermediate"
"71","34007P007",95.51,64.51,115.9,12.92,"intermediate","intermediate","intermediate",71,"intermediate"
"72","34007P008",95.99,56,118.3,8.64,"intermediate","intermediate","intermediate",72,"good"
"73","34007P009",95.11,64.43,128.5,13.88,"intermediate","intermediate","intermediate",73,"intermediate"
"74","34007P011",92.49,65.43,111,26.62,"intermediate","intermediate","intermediate",74,"intermediate"
"75","34007P012",89.1,63.47,59.7,35.87,"intermediate","intermediate","bad",75,"intermediate"
"76","34007P013",92.49,57.59,95.1,10.14,"intermediate","intermediate","intermediate",76,"good"
"77","34007P014",95.45,63.74,87,9.69,"intermediate","intermediate","intermediate",77,"good"
"78","34007P015",95.72,65.06,88.7,14.05,"intermediate","intermediate","intermediate",78,"intermediate"
"79","34007P016",93.18,51.64,107.3,18.76,"intermediate","bad","intermediate",79,"intermediate"
"80","34007P017",95.34,64.47,104.9,11.52,"intermediate","intermediate","intermediate",80,"good"
"81","34007P018",95.1,56.3,145.8,12.81,"intermediate","intermediate","intermediate",81,"good"
"82","34007P019",95.82,65.13,124.5,18.46,"intermediate","intermediate","intermediate",82,"intermediate"
"83","34007P020",95.92,63.29,112.6,10.35,"intermediate","intermediate","intermediate",83,"good"
"84","34007P021",90.11,66.58,23.9,26.34,"intermediate","good","bad",84,"intermediate"
"85","34007P023",95.66,63.81,97.8,12.24,"intermediate","intermediate","intermediate",85,"good"
"86","34007P024",94.62,61,152.1,10.91,"intermediate","intermediate","good",86,"good"
"87","34007P027",96.26,59.42,127.2,11.24,"good","intermediate","intermediate",87,"good"
"88","34007P028",94.96,57.95,130.1,10.39,"intermediate","intermediate","intermediate",88,"good"
"89","34007P029",82.4,61.59,84.2,15.8,"bad","intermediate","intermediate",89,"intermediate"
"90","34007P033",92.52,60.17,134,12.51,"intermediate","intermediate","intermediate",90,"good"
"91","34007P036",95.43,55.6,65.1,8.87,"intermediate","intermediate","bad",91,"good"
"92","34007P037",94.75,60.49,105.6,12.1,"intermediate","intermediate","intermediate",92,"good"
"93","34007P039",95.21,58.86,116.5,14.2,"intermediate","intermediate","intermediate",93,"intermediate"
"94","34007P041",94.26,54.47,85.5,31.58,"intermediate","intermediate","intermediate",94,"intermediate"
"95","34007P042",94.14,56.67,115,12.77,"intermediate","intermediate","intermediate",95,"good"
"96","34007P043",95.39,56.25,137.4,13.38,"intermediate","intermediate","intermediate",96,"intermediate"
"97","34007P044",96.03,57.65,125.5,9.47,"good","intermediate","intermediate",97,"good"
"98","34007P045",97.09,55.64,49.2,42.82,"good","intermediate","bad",98,"intermediate"
"99","34007P046",96.41,48.56,47.8,36.99,"good","bad","bad",99,"intermediate"
"100","34007P047",76.16,60.01,101,15.92,"bad","intermediate","intermediate",100,"intermediate"
"101","34007P048",95.19,57.12,95.5,12.05,"intermediate","intermediate","intermediate",101,"good"
"102","34007P049",95.38,58.46,97.8,8.69,"intermediate","intermediate","intermediate",102,"good"
"103","34007P050",93.19,59.98,109.5,11.17,"intermediate","intermediate","intermediate",103,"good"
"104","34007P051",90.47,62.59,124.3,13.28,"intermediate","intermediate","intermediate",104,"intermediate"
"105","34007P052",85.21,62.75,152.5,14.48,"bad","intermediate","good",105,"intermediate"
"106","34007P053",95.26,59.78,150.6,12.39,"intermediate","intermediate","good",106,"good"
"107","34007P054",95.49,57.82,126.8,10.66,"intermediate","intermediate","intermediate",107,"good"
"108","34007P064",93.24,58.06,113,10.55,"intermediate","intermediate","intermediate",108,"good"
"109","34007P067",95.12,55.65,116.8,18.74,"intermediate","intermediate","intermediate",109,"intermediate"
"110","34007P072",94.2,59.64,107.1,14.46,"intermediate","intermediate","intermediate",110,"intermediate"
"111","34007P075",78.38,53.2,68.6,18.65,"bad","bad","intermediate",111,"intermediate"
"112","34007P076",97.75,52.95,87.7,12.12,"good","bad","intermediate",112,"good"
"113","34008P001",96.6,54.87,136.4,12.44,"good","intermediate","intermediate",113,"good"
"114","34008P002",95.18,63.58,120,11.72,"intermediate","intermediate","intermediate",114,"good"
"115","34009P002",94.29,56.9,95.7,11.83,"intermediate","intermediate","intermediate",115,"good"
"116","34009P003",96.66,49,66.4,33.64,"good","bad","bad",116,"intermediate"
"117","34009P004",93.76,58.61,100.8,15.63,"intermediate","intermediate","intermediate",117,"intermediate"
"118","34009P005",95.89,55.18,89.3,9.28,"intermediate","intermediate","intermediate",118,"good"
"119","34010P001",96.58,60.15,109.9,12.82,"good","intermediate","intermediate",119,"good"
"120","TEOA2",95.52,55.88,147.5,13.01,"intermediate","intermediate","intermediate",120,"intermediate"
"121","TEOB",92.18,52.86,70.8,13.95,"intermediate","bad","intermediate",121,"intermediate"
"122","TEOC",87.38,56.85,72.4,14.25,"intermediate","intermediate","intermediate",122,"intermediate"
"123","TEOD",86.39,7.51,6.5,23.8,"bad","bad","bad",123,"intermediate"
"124","TEOE",95.47,54.23,73.7,11.81,"intermediate","intermediate","intermediate",124,"good"
"125","TEOF",93.95,18.03,20.6,18.74,"intermediate","bad","bad",125,"intermediate"
"126","TEOK",94.71,28.84,55.5,29.93,"intermediate","bad","bad",126,"intermediate"
"127","TEVA",87.66,45.02,48.9,14.9,"intermediate","bad","bad",127,"intermediate"
"128","TEVC",94.45,37.27,41.2,13.09,"intermediate","bad","bad",128,"intermediate"
"129","TEVE",97.25,52.27,84.1,11.62,"good","bad","intermediate",129,"good"
"130","TF1A",81.39,75.6,87.2,15.1,"bad","good","intermediate",130,"intermediate"
"131","TF3A",97.63,42.12,91.1,14.28,"good","bad","intermediate",131,"intermediate"
"132","TFAA",93.83,51.22,65.8,5.73,"intermediate","bad","bad",132,"good"
"133","TFJA",95.3,38.06,33.6,21.13,"intermediate","bad","bad",133,"intermediate"
"134","TFWB",98.03,31.83,132.9,36.03,"good","bad","intermediate",134,"intermediate"
"135","TFZA",98.18,45.26,103.1,16.08,"good","bad","intermediate",135,"intermediate"
"136","TG1B",95.62,48.56,79.6,10.68,"intermediate","bad","intermediate",136,"good"
"137","TG2A",90.8,60.11,116.6,10.78,"intermediate","intermediate","intermediate",137,"good"
"138","TG5B",97.59,50.55,96,17.97,"good","bad","intermediate",138,"intermediate"
"139","TG5C",94.34,57.11,107.7,13.41,"intermediate","intermediate","intermediate",139,"intermediate"
"140","TG5D",95.9,53.46,110.2,10.31,"intermediate","intermediate","intermediate",140,"good"
"141","TGAA",97.98,40,91,33.4,"good","bad","intermediate",141,"intermediate"
"142","TGCA",96.35,59.1,101.7,14.02,"good","intermediate","intermediate",142,"intermediate"
"143","TGIA",95.57,58.46,109.3,11.28,"intermediate","intermediate","intermediate",143,"good"
"144","TGJB",95.29,57.67,99.4,10.37,"intermediate","intermediate","intermediate",144,"good"
"145","TGPA",79.15,53.69,25.2,40.82,"bad","intermediate","bad",145,"intermediate"
"146","TGPB",97.05,55.48,90.8,12.56,"good","intermediate","intermediate",146,"good"
"147","TGPC",96.3,49.79,98.2,4.55,"good","bad","intermediate",147,"good"
"148","TGUA",94.18,58.84,110.5,9.31,"intermediate","intermediate","intermediate",148,"good"
"149","TGUB",95.48,57.58,102.9,9.72,"intermediate","intermediate","intermediate",149,"good"
"150","TGXB",79.07,62.18,29.7,27.2,"bad","intermediate","bad",150,"intermediate"
"151","TGXC",88.88,45.46,44.9,44.92,"intermediate","bad","bad",151,"intermediate"
"152","THAA",95.95,55.39,113.8,11.66,"intermediate","intermediate","intermediate",152,"good"
"153","THAB",96.36,55.89,122.7,12.54,"good","intermediate","intermediate",153,"good"
"154","THCA",91.34,71.75,168.6,15.18,"intermediate","good","good",154,"intermediate"
"155","THDA",95.33,55.58,118.1,10.95,"intermediate","intermediate","intermediate",155,"good"
"156","THDB",96.07,64.64,66.2,16.54,"good","intermediate","bad",156,"intermediate"
"157","THGA",95.77,52.43,95.1,7.99,"intermediate","bad","intermediate",157,"good"
"158","THLA",94.49,55.08,89.8,7.98,"intermediate","intermediate","intermediate",158,"good"
"159","THMA",87.67,59.05,112.2,9.63,"intermediate","intermediate","intermediate",159,"good"
"160","THNA",91.15,58.46,109.2,14.65,"intermediate","intermediate","intermediate",160,"intermediate"
"161","THRA",95.02,57.53,114.8,12.35,"intermediate","intermediate","intermediate",161,"good"
"162","THRB",86.97,70.79,105.2,18.98,"bad","good","intermediate",162,"intermediate"
"163","THUA",94.59,57.34,115.7,12.54,"intermediate","intermediate","intermediate",163,"good"
"164","THXA",93.89,53.33,124.5,9.02,"intermediate","bad","intermediate",164,"good"
"165","THYA",96.43,55.47,112.2,12.04,"good","intermediate","intermediate",165,"good"
"166","THYB",95.36,55.03,93.6,20.68,"intermediate","intermediate","intermediate",166,"intermediate"
"167","TIAA",98.65,36.58,28.6,68.53,"good","bad","bad",167,"bad"
"168","TIBA",96.27,52.62,71.7,27.2,"good","bad","intermediate",168,"intermediate"
"169","TIBB",92.97,54.5,89.1,13.53,"intermediate","intermediate","intermediate",169,"intermediate"
"170","TIBC",96.58,55.83,87.9,14.96,"good","intermediate","intermediate",170,"intermediate"
"171","TIHA",95.89,53.93,112,12.35,"intermediate","intermediate","intermediate",171,"good"
"172","TIIA",94.48,56.25,98.5,16.44,"intermediate","intermediate","intermediate",172,"intermediate"
"173","TIIB",98.65,30.38,43.2,49.01,"good","bad","bad",173,"bad"
"174","TINA",97.04,41.3,61.3,19.88,"good","bad","bad",174,"intermediate"
"175","TIOA",96.65,46.93,92,16.39,"good","bad","intermediate",175,"intermediate"
"176","TIOB",91.29,28.82,44.1,49.67,"intermediate","bad","bad",176,"bad"
"177","TIOC",92.97,48.1,65.6,28.46,"intermediate","bad","bad",177,"intermediate"
"178","TIOD",95.33,43.78,79.4,11.1,"intermediate","bad","intermediate",178,"good"
"179","TIQA",85.82,74.69,100.4,22.82,"bad","good","intermediate",179,"intermediate"
"180","TIQB",88.64,31.75,42.4,18.22,"intermediate","bad","bad",180,"intermediate"
"181","TISA",94.92,51.1,97.7,8.99,"intermediate","bad","intermediate",181,"good"
"182","TISB",91.81,65.42,89.9,27.69,"intermediate","intermediate","intermediate",182,"intermediate"
"183","TIVA",92.93,59.58,115.9,16.74,"intermediate","intermediate","intermediate",183,"intermediate"
"184","TIYA",96.25,50.47,84.4,20.99,"good","bad","intermediate",184,"intermediate"
"185","TIYC",94.7,53.08,77.5,18.33,"intermediate","bad","intermediate",185,"intermediate"
"186","TJ1C",85.66,52.56,126.4,12.84,"bad","bad","intermediate",186,"good"
"187","TJ1D",86.53,59.89,40.2,22.53,"bad","intermediate","bad",187,"intermediate"
"188","TJ2A",93.64,55.74,82.6,15.22,"intermediate","intermediate","intermediate",188,"intermediate"
"189","TJ2B",86.21,54.35,10,25.56,"bad","intermediate","bad",189,"intermediate"
"190","TJ2C",79.6,61.27,24.6,22.87,"bad","intermediate","bad",190,"intermediate"
"191","TJ2D",88.66,58.66,13.4,24.63,"intermediate","intermediate","bad",191,"intermediate"
"192","TJ4A",87.94,54.87,23.4,17.73,"intermediate","intermediate","bad",192,"intermediate"
"193","TJAA",78.59,58.17,54.1,25.4,"bad","intermediate","bad",193,"intermediate"
"194","TJEA",97.81,63.64,48.7,17.17,"good","intermediate","bad",194,"intermediate"
"195","TJGA",84.79,59.08,82.2,17.9,"bad","intermediate","intermediate",195,"intermediate"
"196","TJHA",94.88,54.99,139.2,21.18,"intermediate","intermediate","intermediate",196,"intermediate"
"197","TJIA",63.18,58.03,31.4,45.82,"bad","intermediate","bad",197,"intermediate"
"198","TJJA",87.23,60.61,33.4,34.5,"bad","intermediate","bad",198,"intermediate"
"199","TJLA",73.97,58.65,115.1,34.42,"bad","intermediate","intermediate",199,"intermediate"
"200","TJNA",83.06,57.63,104.9,36.29,"bad","intermediate","intermediate",200,"intermediate"
"201","TJPA",95.69,71.58,55.6,14.15,"intermediate","good","bad",201,"intermediate"
"202","TJTA",92.45,59.55,68.9,27.83,"intermediate","intermediate","intermediate",202,"intermediate"
"203","TJVA",92.53,50.59,158,58.48,"intermediate","bad","good",203,"bad"
"204","TJZA",84.98,54.01,56.7,71.62,"bad","intermediate","bad",204,"bad"
"205","TJZB",94.59,57.36,173.7,24.3,"intermediate","intermediate","good",205,"intermediate"
"206","TJZC",70.78,53.29,7.1,58.29,"bad","bad","bad",206,"bad"
"207","TJZD",95.76,74.02,80.8,13.98,"intermediate","good","intermediate",207,"intermediate"
"208","TK4A",70.55,40.47,41.7,67.19,"bad","bad","bad",208,"bad"
"209","TKEA",99.05,66.11,243.4,24.58,"good","good","good",209,"intermediate"
"210","TKEB",99.61,69.33,278.5,22.33,"good","good","good",210,"intermediate"
"211","TKFA",94.51,59.05,103.6,13.07,"intermediate","intermediate","intermediate",211,"intermediate"
"212","TKIA",99,63.99,101.7,13.02,"good","intermediate","intermediate",212,"intermediate"
"213","TKKA",98.54,67.19,107.4,23.04,"good","good","intermediate",213,"intermediate"
"214","TKKB",99.14,68.28,238.5,12.9,"good","good","good",214,"good"
"215","TKKC",99.48,74.56,147.6,26.35,"good","good","intermediate",215,"intermediate"
"216","TKLA",99.11,70.99,162,13.26,"good","good","good",216,"intermediate"
"217","TKLB",98.84,65.18,148.1,11.9,"good","intermediate","intermediate",217,"good"
"218","TKQA",99.7,65.69,303.5,12.92,"good","intermediate","good",218,"intermediate"
"219","TKQC",99.3,70.68,194.2,16.17,"good","good","good",219,"intermediate"
"220","TKQD",99.31,61.72,158.9,13,"good","intermediate","good",220,"intermediate"
"221","TKSA",94.11,53.11,139.4,22.07,"intermediate","bad","intermediate",221,"intermediate"
"222","TKTA",81.76,50.55,80.3,34.15,"bad","bad","intermediate",222,"intermediate"
"223","TKTB",95.57,55.27,76,32.82,"intermediate","intermediate","intermediate",223,"intermediate"
"224","TKUA",94.32,52.8,102.7,22.46,"intermediate","bad","intermediate",224,"intermediate"
"225","TKXA",85.05,47.29,75.7,67.34,"bad","bad","intermediate",225,"bad"
"226","TKYA",78.49,33.46,37.9,77.94,"bad","bad","bad",226,"bad"
"227","TKZA",95.68,56.58,167.6,24.51,"intermediate","intermediate","good",227,"intermediate"
"228","TKZB",95.98,56.59,140.5,18.58,"intermediate","intermediate","intermediate",228,"intermediate"
"229","TKZC",83.01,55.13,67.4,76.07,"bad","intermediate","bad",229,"bad"
"230","TL2B",93.25,62.46,259.2,24.85,"intermediate","intermediate","good",230,"intermediate"
"231","TL2C",76.68,61.06,247.6,29.23,"bad","intermediate","good",231,"intermediate"
"232","TL2D",93.05,65.17,99.4,21.79,"intermediate","intermediate","intermediate",232,"intermediate"
"233","TL5A",99.46,65.7,158.7,27.93,"good","intermediate","good",233,"intermediate"
"234","TL5B",87.15,57.75,132,49.49,"bad","intermediate","intermediate",234,"bad"
"235","TLAA",88,53.78,148.8,26.55,"intermediate","intermediate","good",235,"intermediate"
"236","TLAB",91.47,61.69,100.4,27.59,"intermediate","intermediate","intermediate",236,"intermediate"
"237","TLBA",87.65,44.88,90,55.03,"intermediate","bad","intermediate",237,"bad"
"238","TLCA",81.43,51.23,167.9,55.86,"bad","bad","good",238,"bad"
"239","TLEA",95.19,56.79,92.2,35.91,"intermediate","intermediate","intermediate",239,"intermediate"
"240","TLEB",94.38,56.07,152,21.31,"intermediate","intermediate","good",240,"intermediate"
"241","TLGA",94.05,57.79,161,55.46,"intermediate","intermediate","good",241,"bad"
"242","TLIA",91.58,40.77,51.2,53.1,"intermediate","bad","bad",242,"bad"
"243","TLJA",89.01,50.68,81,54.18,"intermediate","bad","intermediate",243,"bad"
"244","TLNA",85.61,45.13,65.2,77.39,"bad","bad","bad",244,"bad"
"245","TLNC",88.88,40.25,44.6,75.03,"intermediate","bad","bad",245,"bad"
"246","TLRA",67.09,44.66,44.2,70.59,"bad","bad","bad",246,"bad"
"247","TLRB",84.84,57.79,239.4,57.71,"bad","intermediate","good",247,"bad"
"248","TLRC",75.79,50.07,87.9,57.22,"bad","bad","intermediate",248,"bad"
"249","TLUA",77.74,62.95,89.9,28.17,"bad","intermediate","intermediate",249,"intermediate"
"250","TLVA",69.75,60.89,191.7,35.47,"bad","intermediate","good",250,"intermediate"
"251","TLWA",91.03,64.55,122.8,22.86,"intermediate","intermediate","intermediate",251,"intermediate"
"252","TLWB",70.4,61.8,160.6,28.66,"bad","intermediate","good",252,"intermediate"
"253","TLXA",94.4,61.58,222,14.24,"intermediate","intermediate","good",253,"intermediate"
"254","TLXB",94.77,59.78,289.5,14.47,"intermediate","intermediate","good",254,"intermediate"
"255","UA2A",99.5,67.34,82.2,13.53,"good","good","intermediate",255,"intermediate"
"256","UA2B",93.91,67.34,93,14.91,"intermediate","good","intermediate",256,"intermediate"
"257","UADA",93.05,59.5,149.2,14.99,"intermediate","intermediate","good",257,"intermediate"
"258","UADC",85.23,49.57,46.2,64.59,"bad","bad","bad",258,"bad"
"259","UAEA",99.59,66.64,386.4,15.71,"good","good","good",259,"intermediate"
"260","UAEB",92.31,57.49,331.3,17.94,"intermediate","intermediate","good",260,"intermediate"
"261","UAEC",99.46,64.9,193.1,13.78,"good","intermediate","good",261,"intermediate"
"262","UAED",99.05,70.13,202.9,15.4,"good","good","good",262,"intermediate"
"263","UAFA",97.34,79.02,47.3,19.83,"good","good","bad",263,"intermediate"
"264","UAFB",99.49,64.46,288.8,14.34,"good","intermediate","good",264,"intermediate"
"265","UAHA",99.17,65.81,328.9,13.2,"good","intermediate","good",265,"intermediate"
"266","UAHB",99.7,64.11,202.7,14.27,"good","intermediate","good",266,"intermediate"
"267","UAHC",99.51,66.83,211.8,15.93,"good","good","good",267,"intermediate"
"268","UAKA",99.65,67.79,386.1,15.12,"good","good","good",268,"intermediate"
"269","UAKB",99.21,63.91,216.4,15.16,"good","intermediate","good",269,"intermediate"
"270","UAMA",99.19,64.88,286.9,16.69,"good","intermediate","good",270,"intermediate"
"271","UAMB",92.42,72.23,139.4,18.45,"intermediate","good","intermediate",271,"intermediate"
"272","UAOA",90.95,74.15,47.6,26.84,"intermediate","good","bad",272,"intermediate"
"273","UASB",99.54,66.34,335.3,16.46,"good","good","good",273,"intermediate"
"274","UASC",88.09,73.54,132,21,"intermediate","good","intermediate",274,"intermediate"
"275","UASD",96.91,68.5,103.3,30.88,"good","good","intermediate",275,"intermediate"
"276","UASE",97.48,71.94,111.7,36,"good","good","intermediate",276,"intermediate"
"277","UBAA",98.63,66.13,193.7,14.09,"good","good","good",277,"intermediate"
"278","UBAB",74.19,71.46,153.6,29.97,"bad","good","good",278,"intermediate"
"279","UBAC",95.21,73.25,74.1,30.09,"intermediate","good","intermediate",279,"intermediate"
"280","UBAD",99.21,63.72,137.2,13.26,"good","intermediate","intermediate",280,"intermediate"
"281","UBBA",92.95,70.03,89.7,24.06,"intermediate","good","intermediate",281,"intermediate"
"282","UBBB",98.14,69.65,165.3,14.47,"good","good","good",282,"intermediate"
"283","UBEA",98.12,75,111,29.51,"good","good","intermediate",283,"intermediate"
"284","UBHA",98.25,68.53,253.1,26.32,"good","good","good",284,"intermediate"
"285","UBHB",96.28,72.49,149.2,15.06,"good","good","good",285,"intermediate"
"286","UBJA",99.37,71.81,184.1,23.9,"good","good","good",286,"intermediate"
"287","UBJB",97.82,72.58,155,12.81,"good","good","good",287,"good"
"288","UBOA",82.74,65.32,129,11.07,"bad","intermediate","intermediate",288,"good"
"289","UBRA",97.09,60.1,104.7,8.38,"good","intermediate","intermediate",289,"good"
"290","UBRB",93.03,64.26,104.8,18.53,"intermediate","intermediate","intermediate",290,"intermediate"
"291","UBRC",81.1,56.35,159,9.23,"bad","intermediate","good",291,"good"
"292","UBVB",66.01,59.19,63.2,37.85,"bad","intermediate","bad",292,"intermediate"
"293","UBVC",96.06,65.58,105.5,22.9,"good","intermediate","intermediate",293,"intermediate"
"294","UBVD",92.38,62.23,124.7,9.23,"intermediate","intermediate","intermediate",294,"good"
"295","UBWC",97.3,60.84,120.8,14.51,"good","intermediate","intermediate",295,"intermediate"
"296","UBXB",92.45,64.78,130.1,12.56,"intermediate","intermediate","intermediate",296,"good"
"297","UBYA",91.74,69.14,117.1,31.38,"intermediate","good","intermediate",297,"intermediate"
"298","UBYB",92.07,64.77,185.2,17.21,"intermediate","intermediate","good",298,"intermediate"
"299","UBYC",96.24,64.93,97,12.18,"good","intermediate","intermediate",299,"good"
"300","UBYD",75.51,69.75,139,36.42,"bad","good","intermediate",300,"intermediate"
"301","UBZA",95.72,65.98,158,13.26,"intermediate","intermediate","good",301,"intermediate"
"302","UBZB",87.09,67.57,141.4,19,"bad","good","intermediate",302,"intermediate"
"303","UBZC",81.03,72.2,44.2,28.23,"bad","good","bad",303,"intermediate"
"304","UC3B",92.18,71.81,165.2,27.11,"intermediate","good","good",304,"intermediate"
"305","UC3C",84.23,73.31,183.7,29.37,"bad","good","good",305,"intermediate"
"306","UC3D",93.39,71.83,161.4,25.38,"intermediate","good","good",306,"intermediate"
"307","UCAC",85,68.52,141.3,36.54,"bad","good","intermediate",307,"intermediate"
"308","UCAD",94.7,65.8,128.1,14.01,"intermediate","intermediate","intermediate",308,"intermediate"
"309","UCBA",96.68,61.58,135.8,10.42,"good","intermediate","intermediate",309,"good"
"310","UCBB",95.01,67.33,59.6,18.08,"intermediate","good","bad",310,"intermediate"
"311","UCDA",92.48,49.21,69,7.62,"intermediate","bad","intermediate",311,"good"
"312","UCDC",93.15,65.95,208.7,28.4,"intermediate","intermediate","good",312,"intermediate"
"313","UCDD",95.89,62.37,50.9,8.83,"intermediate","intermediate","bad",313,"good"
"314","UCDE",82.11,68.58,70.8,19.95,"bad","good","intermediate",314,"intermediate"
"315","UCDF",95.38,63.53,63.4,15.14,"intermediate","intermediate","bad",315,"intermediate"
"316","UCEA",96.79,62.47,67.6,8.41,"good","intermediate","bad",316,"good"
"317","UCHB",70.54,68.95,54.1,27.11,"bad","good","bad",317,"intermediate"
"318","UCIA",63.22,50.49,76.5,64.83,"bad","bad","intermediate",318,"bad"
"319","UCKA",89.25,62.92,87,19.27,"intermediate","intermediate","intermediate",319,"intermediate"
"320","UCLA",92.96,72.17,218.8,13.8,"intermediate","good","good",320,"intermediate"
"321","UCLC",83.08,70.55,194.7,56.13,"bad","good","good",321,"bad"
"322","UCLD",92.62,69.01,131,54.67,"intermediate","good","intermediate",322,"bad"
"323","UCOA",81.09,69.57,129.2,54.94,"bad","good","intermediate",323,"bad"
"324","UCOB",83.11,71.5,226,56.17,"bad","good","good",324,"bad"
"325","UCOC",76.92,50.08,137.9,29.82,"bad","bad","intermediate",325,"intermediate"
"326","UCRB",81.95,66.4,120.4,54.07,"bad","good","intermediate",326,"bad"
"327","UCRC",82.55,66.29,182.4,56.8,"bad","good","good",327,"bad"
"328","UCSA",90.25,72.08,200,55.36,"intermediate","good","good",328,"bad"
"329","UCSB",93.76,71.94,299.7,15.31,"intermediate","good","good",329,"intermediate"
"330","UCSC",91.34,71.64,136.8,54.41,"intermediate","good","intermediate",330,"bad"
"331","UCSD",92.92,67.71,88.9,54.25,"intermediate","good","intermediate",331,"bad"
"332","UCTA",88.8,64.3,151.7,55.43,"intermediate","intermediate","good",332,"bad"
"333","UCTB",92.34,69.47,110.4,55.2,"intermediate","good","intermediate",333,"bad"
"334","UCVA",93.63,43.19,53.2,75.96,"intermediate","bad","bad",334,"bad"
"335","UCXA",91.72,66.41,104.5,54.83,"intermediate","good","intermediate",335,"bad"
"336","UCXB",90.65,60.36,85.3,54.27,"intermediate","intermediate","intermediate",336,"bad"
"337","UCZA",90.77,47.09,60.6,54.76,"intermediate","bad","bad",337,"bad"
"338","UD2A-Z",92.91,65.03,106.6,62.24,"intermediate","intermediate","intermediate",338,"bad"
"339","UD2B",90.19,57.73,235.5,67.8,"intermediate","intermediate","good",339,"bad"
"340","UD4C",84.64,73.58,168.8,25.03,"bad","good","good",340,"intermediate"
"341","UDCB",92.6,73.4,163.9,14.73,"intermediate","good","good",341,"intermediate"
"342","UDCD",73.2,69.55,75.3,14.66,"bad","good","intermediate",342,"intermediate"
"343","UDEA",86.66,55.51,57.3,52.3,"bad","intermediate","bad",343,"bad"
"344","UDFA",82.66,32.38,30.9,69.38,"bad","bad","bad",344,"bad"
"345","UDGA",91.94,73.5,149.4,12.56,"intermediate","good","good",345,"good"
"346","UDGB",86.75,74.02,162.1,12.58,"bad","good","good",346,"good"
"347","UDHA",92.52,72.09,138.8,12.5,"intermediate","good","intermediate",347,"good"
"348","UDHB",82.89,67.99,93.2,17.58,"bad","good","intermediate",348,"intermediate"
"349","UDLA",84.1,73.42,148.1,28.07,"bad","good","intermediate",349,"intermediate"
"350","UDLB",90.37,73.22,138,28.44,"intermediate","good","intermediate",350,"intermediate"
"351","UDLC",92.27,64.51,135.4,50.03,"intermediate","intermediate","intermediate",351,"bad"
"352","UDNB",93.82,35.45,58.2,83.73,"intermediate","bad","bad",352,"bad"
"353","UDOA",93.2,66.97,105.5,30.17,"intermediate","good","intermediate",353,"intermediate"
"354","UDOB",83.98,74.63,166.6,27.08,"bad","good","good",354,"intermediate"
"355","UDOC",94.7,66.02,116.2,62.51,"intermediate","good","intermediate",355,"bad"
"356","UDPA",88.49,70.46,149.8,28.18,"intermediate","good","good",356,"intermediate"
"357","UDPB",92.27,72.47,120.5,34.14,"intermediate","good","intermediate",357,"intermediate"
"358","UDPC",94.61,65.9,189.4,27.78,"intermediate","intermediate","good",358,"intermediate"
"359","UDPC-Z",94.61,65.9,189.4,27.78,"intermediate","intermediate","good",359,"intermediate"
"360","UDSA",93.75,65.73,179.2,38.69,"intermediate","intermediate","good",360,"intermediate"
"361","UDSB",82.78,64.89,115,62.02,"bad","intermediate","intermediate",361,"bad"
"362","UDSD",94.75,64.88,93,61.79,"intermediate","intermediate","intermediate",362,"bad"
"363","UDSE",92.93,63.45,86.8,61.77,"intermediate","intermediate","intermediate",363,"bad"
"364","UDSF",71.38,37.04,6.4,61,"bad","bad","bad",364,"bad"
"365","UDZB",95.16,42.21,62.1,55.01,"intermediate","bad","bad",365,"bad"
"366","UDZC",93.86,36.68,70.6,26.55,"intermediate","bad","intermediate",366,"intermediate"
"367","UE1A",82.74,64.42,104.7,34.46,"bad","intermediate","intermediate",367,"intermediate"
"368","UE1C",88.78,62.71,103.1,28.74,"intermediate","intermediate","intermediate",368,"intermediate"
"369","UE2A",94.15,42.33,78.8,36.48,"intermediate","bad","intermediate",369,"intermediate"
"370","UE5D",85.34,61.8,115.9,26.63,"bad","intermediate","intermediate",370,"intermediate"
"371","UECA",92.71,52.01,157,51.52,"intermediate","bad","good",371,"bad"
"372","UEFA",94.1,53.74,136.6,25.15,"intermediate","intermediate","intermediate",372,"intermediate"
"373","UEFB",91.7,56.85,239,69.23,"intermediate","intermediate","good",373,"bad"
"374","UEFC",95.17,58.65,126.9,39.47,"intermediate","intermediate","intermediate",374,"intermediate"
"375","UEJA",92.75,72.47,135.4,32.76,"intermediate","good","intermediate",375,"intermediate"
"376","UEMC",87.46,73.72,147.4,45.8,"intermediate","good","intermediate",376,"intermediate"
"377","UEQA",75,74.79,174.7,38.81,"bad","good","good",377,"intermediate"
"378","UEQC",78.05,76.14,193.6,26.04,"bad","good","good",378,"intermediate"
"379","UEQD",86.96,69.66,156.2,19.49,"bad","good","good",379,"intermediate"
"380","UEQE",86.94,72.45,152.6,28.01,"bad","good","good",380,"intermediate"
"381","UEQF",81.15,74.8,161.1,23.24,"bad","good","good",381,"intermediate"
"382","UEQG",85.21,63.26,141.4,34.03,"bad","intermediate","intermediate",382,"intermediate"
"383","UEQH",83.91,59.46,168.5,42.44,"bad","intermediate","good",383,"intermediate"
"384","UEQK",64.21,65.38,104.4,59.48,"bad","intermediate","intermediate",384,"bad"
"385","UETB",92.78,72.68,139.1,19.4,"intermediate","good","intermediate",385,"intermediate"
"386","UEUA",89.36,73.06,125.6,20.52,"intermediate","good","intermediate",386,"intermediate"
"387","UEXB",81.96,63.13,98.4,29.51,"bad","intermediate","intermediate",387,"intermediate"
"388","UEYA",89.76,71.39,120.8,19.89,"intermediate","good","intermediate",388,"intermediate"
"389","UFBA",82.32,64.65,132.9,25.77,"bad","intermediate","intermediate",389,"intermediate"
"390","UFBC",88.23,65.76,99.2,23.79,"intermediate","intermediate","intermediate",390,"intermediate"
"391","UFCC",88.2,51.14,46.2,44.93,"intermediate","bad","bad",391,"intermediate"
"392","UFCD",84.53,67.06,119.2,22.33,"bad","good","intermediate",392,"intermediate"
"393","UEXA",80.52,70.83,108.8,29.8,"bad","good","intermediate",393,"intermediate"
"394","UFCD",84.53,67.06,119.2,22.33,"bad","good","intermediate",394,"intermediate"
"395","UEZA",76.95,68.97,100.5,35.46,"bad","good","intermediate",395,"intermediate"
"396","UEZB",77.9,74.13,188.5,28.23,"bad","good","good",396,"intermediate"
"397","UEGA",89.59,50.81,58.9,56.27,"intermediate","bad","bad",397,"bad"
"398","1599_79_Fortis",95.83,60.92,120.8,15.05,"intermediate","intermediate","intermediate",398,"intermediate"
"399","1599_87_Fortis",92.27,66,41.7,16.84,"intermediate","intermediate","bad",399,"intermediate"
"400","1599_47_tmh",93.33,57.13,68.1,27.73,"intermediate","intermediate","intermediate",400,"intermediate"
"401","1599_48_tmh",84.86,64.69,76.1,36.17,"bad","intermediate","intermediate",401,"intermediate"
"402","1599_51_tmh",88.74,65.1,49.7,32.04,"intermediate","intermediate","bad",402,"intermediate"
"403","1599_54_tmh",91.47,60.29,64.9,31.84,"intermediate","intermediate","bad",403,"intermediate"
"404","1599_67_tmh",90.76,61.54,42,31.03,"intermediate","intermediate","bad",404,"intermediate"
"405","1599_88_tmh",91.08,63.08,49.5,32.25,"intermediate","intermediate","bad",405,"intermediate"
"406","1599_100_tmh",90.39,56.91,40.4,37.95,"intermediate","intermediate","bad",406,"intermediate"
"407","1599_107_tmh",95.24,63.61,104.6,18.89,"intermediate","intermediate","intermediate",407,"intermediate"
"408","1599_115_tmh",91.4,60.63,54.6,36.53,"intermediate","intermediate","bad",408,"intermediate"
"409","1599_120_tmh",93.63,66.37,83.1,16.76,"intermediate","good","intermediate",409,"intermediate"
"410","1599_123_tmh",93.76,51.52,92,26.71,"intermediate","bad","intermediate",410,"intermediate"
"411","1599_125_tmh",80.26,67.02,75.4,33.7,"bad","good","intermediate",411,"intermediate"
"412","1558_179_tmh",95.96,51.5,127.5,52.19,"intermediate","bad","intermediate",412,"bad"
"413","1558_181_tmh",96.29,47.81,166.6,57.2,"good","bad","good",413,"bad"
"414","1558_183_tmh",96.61,55.12,197.4,38.3,"good","intermediate","good",414,"intermediate"
"415","1558_184_tmh",86.71,41.05,46.9,64.63,"bad","bad","bad",415,"bad"
"416","1558_185_tmh",94.08,37.74,135.9,70.38,"intermediate","bad","intermediate",416,"bad"
"417","1558_187_tmh",88.32,35.46,50.2,67.61,"intermediate","bad","bad",417,"bad"
"418","1558_189_tmh",96.59,45.87,190.5,59.27,"good","bad","good",418,"bad"
"419","1558_190_tmh",95.59,46.84,138,56.82,"intermediate","bad","intermediate",419,"bad"
"420","1558_192_tmh",95.81,40.65,106.4,54.16,"intermediate","bad","intermediate",420,"bad"
"421","1558_193_tmh",95.82,46.75,149.5,52.26,"intermediate","bad","good",421,"bad"
"422","1558_194_tmh",95.36,41.01,122.5,58.51,"intermediate","bad","intermediate",422,"bad"
"423","1558_195_tmh",86.59,33.96,41,57,"bad","bad","bad",423,"bad"
"424","1558_197_tmh",96.19,53.72,160.2,52.03,"good","intermediate","good",424,"bad"
"425","1558_198_tmh",85.12,35.97,58.5,66.89,"bad","bad","bad",425,"bad"
"426","1558_200_tmh",95.9,47.75,123.5,49.75,"intermediate","bad","intermediate",426,"bad"
"427","1558_203_tmh",96.15,55.48,167.4,43.38,"good","intermediate","good",427,"intermediate"
"428","1558_204_tmh",96.55,50.29,160,53.75,"good","bad","good",428,"bad"
"429","1558_205_tmh",92.05,34.93,95.4,70.3,"intermediate","bad","intermediate",429,"bad"
"430","1558_208_tmh",96.19,50.01,133.8,56.46,"good","bad","intermediate",430,"bad"
"431","1558_210_tmh",94.71,39.65,101.8,56.89,"intermediate","bad","intermediate",431,"bad"
"432","1558_212_tmh",94.9,44.15,97.8,60.1,"intermediate","bad","intermediate",432,"bad"
"433","23900_799_Yenapoya_66",66.62,64.87,96.8,45.91,"bad","intermediate","intermediate",433,"intermediate"
"434","23900_803_Yenapoya_66",71.76,55.26,69,57.13,"bad","intermediate","intermediate",434,"bad"
"435","23900_809_Yenapoya_66",55.28,58.61,73.8,51.47,"bad","intermediate","intermediate",435,"bad"
"436","23900_814_Yenapoya_66",75.55,54.98,97.7,61,"bad","intermediate","intermediate",436,"bad"
"437","23900_922_Fortis ",75.47,60.99,71.7,17.44,"bad","intermediate","intermediate",437,"intermediate"
"438","23900_923_Fortis ",72.04,63.78,71.2,28.02,"bad","intermediate","intermediate",438,"intermediate"
"439","23900_853_TMH_193",81.36,22.05,115.4,35.86,"bad","bad","intermediate",439,"intermediate"
"440","23900_859_TMH_193",95.27,16.75,49.4,42.9,"intermediate","bad","bad",440,"intermediate"
"441","23895_643_AIIMS-PREOP",94.41,60.46,125.5,30.71,"intermediate","intermediate","intermediate",441,"intermediate"
"442","23895_644_AIIMS-PREOP",93,58.61,162.2,35.52,"intermediate","intermediate","good",442,"intermediate"
"443","23895_646_AIIMS-PREOP",93.87,60.32,149.8,29.87,"intermediate","intermediate","good",443,"intermediate"
"444","23895_648_AIIMS-PREOP",93.96,54.25,84.1,39.63,"intermediate","intermediate","intermediate",444,"intermediate"
"445","23895_649_AIIMS-PREOP",94.99,58.85,103.9,25.53,"intermediate","intermediate","intermediate",445,"intermediate"
"446","23895_650_AIIMS-PREOP",93.18,60.46,118.6,27.47,"intermediate","intermediate","intermediate",446,"intermediate"
"447","23895_652_AIIMS-PREOP",80.95,53.77,47.2,46.15,"bad","intermediate","bad",447,"intermediate"
"448","23895_653_AIIMS-PREOP",93.72,59.9,117.6,26.11,"intermediate","intermediate","intermediate",448,"intermediate"
"449","23895_654_AIIMS-PREOP",89.07,58.41,86.3,38.61,"intermediate","intermediate","intermediate",449,"intermediate"
"450","23895_656_AIIMS-PREOP",92.37,58.7,76.7,41.02,"intermediate","intermediate","intermediate",450,"intermediate"
"451","23895_657_AIMS-POSTOP",95.94,54.09,293.1,51.61,"intermediate","intermediate","good",451,"bad"
"452","23895_658_AIMS-POSTOP",89.88,59.94,119.1,32.6,"intermediate","intermediate","intermediate",452,"intermediate"
"453","23895_662_AIIMS-PREOP",94.43,60.44,173.3,33.19,"intermediate","intermediate","good",453,"intermediate"
"454","23895_664_AIMS-POSTOP",94.08,61.13,188.4,34.55,"intermediate","intermediate","good",454,"intermediate"
"455","23900_774_",96.14,57.36,125.9,49.18,"good","intermediate","intermediate",455,"bad"
"456","23900_798_Yenapoya_66",93.11,60.87,121.2,34.88,"intermediate","intermediate","intermediate",456,"intermediate"
"457","23900_807_Yenapoya_66",55.17,64.55,178.9,40.79,"bad","intermediate","good",457,"intermediate"
"458","23900_813_Yenapoya_66",96.07,39.75,93.4,49.12,"good","bad","intermediate",458,"bad"
"459","23900_871_TMH_142",83.92,23.32,41.6,18.53,"bad","bad","bad",459,"intermediate"
"460","23900_835_TMH plate ",90.18,63.45,91.4,18.09,"intermediate","intermediate","intermediate",460,"intermediate"
"461","23900_836_TMH plate ",91.8,62.76,118.5,17.94,"intermediate","intermediate","intermediate",461,"intermediate"
"462","23900_837_TMH plate ",91.84,66.2,92.9,15.42,"intermediate","good","intermediate",462,"intermediate"
"463","23900_838_TMH plate ",87.79,61.28,62.5,25.05,"intermediate","intermediate","bad",463,"intermediate"
"464","23900_882_SJRI_Ovarian",86.23,56.14,59.1,55.42,"bad","intermediate","bad",464,"bad"
"465","23900_883_SJRI_Ovarian",88.24,42.86,52.9,56.5,"intermediate","bad","bad",465,"bad"
"466","23900_884_SJRI_Ovarian",86.02,52.15,42.8,57.95,"bad","bad","bad",466,"bad"
"467","23900_885_SJRI_Ovarian",89.73,55.7,74.5,52.4,"intermediate","intermediate","intermediate",467,"bad"
"468","23900_886_SJRI_Ovarian",89.66,43.85,58.7,56.2,"intermediate","bad","bad",468,"bad"
"469","1600_2_Fortis",95.83,61.67,141.6,36.76,"intermediate","intermediate","intermediate",469,"intermediate"
"470","1599_39_Fortis",93.14,61.69,105.1,18.89,"intermediate","intermediate","intermediate",470,"intermediate"
"471","1599_46_Fortis",93.5,66.23,77.7,17.52,"intermediate","good","intermediate",471,"intermediate"
"472","1599_72_Fortis",95.36,56.81,188,14.92,"intermediate","intermediate","good",472,"intermediate"
"473","1599_78_Fortis",91.2,63.87,140.9,21.14,"intermediate","intermediate","intermediate",473,"intermediate"
"474","1599_111_Fortis",94.07,67.32,78.2,18.76,"intermediate","good","intermediate",474,"intermediate"
"475","23900_919_Fortis ",80.57,57.77,64.4,24.94,"bad","intermediate","bad",475,"intermediate"
"476","23900_796_Yenapoya_66",71.01,54.56,75.8,49.25,"bad","intermediate","intermediate",476,"bad"
"477","23900_808_Yenapoya_66",67.28,59.6,204.6,43.49,"bad","intermediate","good",477,"intermediate"
"478","1599_36_Fortis",94,61.63,96.4,15.98,"intermediate","intermediate","intermediate",478,"intermediate"
"479","1599_44_Fortis",96.04,62.24,215.1,16.3,"good","intermediate","good",479,"intermediate"
"480","1599_58_Fortis",95.83,61.05,123.3,13.58,"intermediate","intermediate","intermediate",480,"intermediate"
"481","1599_66_Fortis",96.05,61.51,170.9,15.13,"good","intermediate","good",481,"intermediate"
"482","1599_68_Fortis",92.07,62.63,85.4,32.14,"intermediate","intermediate","intermediate",482,"intermediate"
"483","1599_75_Fortis",94.32,63.23,103.5,17.16,"intermediate","intermediate","intermediate",483,"intermediate"
"484","1599_76_Fortis",90.49,57.15,66.3,26.3,"intermediate","intermediate","bad",484,"intermediate"
"485","1599_82_Fortis",95.15,64.93,117.6,17.78,"intermediate","intermediate","intermediate",485,"intermediate"
"486","1599_85_Fortis",95.37,63.03,254.1,22.29,"intermediate","intermediate","good",486,"intermediate"
"487","1599_89_Fortis",96.05,62.21,175.7,15.74,"good","intermediate","good",487,"intermediate"
"488","1599_92_Fortis",95.54,61.65,154.3,14.74,"intermediate","intermediate","good",488,"intermediate"
"489","1599_96_Fortis",92.95,52.36,81,52.75,"intermediate","bad","intermediate",489,"bad"
"490","1599_108_Fortis",96.42,62,151.3,14.49,"good","intermediate","good",490,"intermediate"
"491","1599_114_Fortis",95.13,59.89,114.8,16.46,"intermediate","intermediate","intermediate",491,"intermediate"
"492","23900_821_TMH-171",96.65,59.53,137,37.96,"good","intermediate","intermediate",492,"intermediate"
"493","23900_822_TMH-171",88.93,42.45,100.1,61.56,"intermediate","bad","intermediate",493,"bad"
"494","23900_823_TMH-171",96.05,47.84,94.4,39.5,"good","bad","intermediate",494,"intermediate"
"495","23900_824_TMH-171",92.92,57.57,68.4,47.6,"intermediate","intermediate","intermediate",495,"bad"
"496","23900_826_TMH-171",96.62,61.85,211.7,39.7,"good","intermediate","good",496,"intermediate"
"497","23900_827_TMH-171",95.58,43.98,40.5,66.29,"intermediate","bad","bad",497,"bad"
"498","23900_829_TMH-171",94.19,58.06,106.2,49.51,"intermediate","intermediate","intermediate",498,"bad"
"499","23900_830_TMH-171",89.84,57.79,65.7,50.65,"intermediate","intermediate","bad",499,"bad"
"500","23900_831_TMH-171",93.99,55.07,46.2,47.77,"intermediate","intermediate","bad",500,"bad"
"501","23900_832_TMH-171",95.62,62.35,198.3,35.66,"intermediate","intermediate","good",501,"intermediate"
"502","23900_833_TMH-171",95.85,54.17,145.8,37.73,"intermediate","intermediate","intermediate",502,"intermediate"
"503","23900_834_TMH-171",91.78,54.31,56,63.14,"intermediate","intermediate","bad",503,"bad"
"504","1601_144_tmh",92.18,59.38,41.9,49.18,"intermediate","intermediate","bad",504,"bad"
"505","1601_145_tmh",91.73,60.79,42.8,48.43,"intermediate","intermediate","bad",505,"bad"
"506","1601_146_tmh",90.58,48.04,44,64.71,"intermediate","bad","bad",506,"bad"
"507","1601_147_tmh",90.41,55.68,47,58.22,"intermediate","intermediate","bad",507,"bad"
"508","1601_148_tmh",88.54,59.6,50.1,52.15,"intermediate","intermediate","bad",508,"bad"
"509","1601_149_tmh",90.59,60.81,51.5,49.49,"intermediate","intermediate","bad",509,"bad"
"510","1601_150_tmh",91.45,59.29,52.9,49.8,"intermediate","intermediate","bad",510,"bad"
"511","1601_151_tmh",93.15,51.1,56.5,62.94,"intermediate","bad","bad",511,"bad"
"512","1601_152_tmh",87.02,61.32,60.9,52.77,"bad","intermediate","bad",512,"bad"
"513","1601_153_tmh",92.49,61.18,61.6,46.98,"intermediate","intermediate","bad",513,"intermediate"
"514","1601_154_tmh",88.52,59.01,62.6,52.42,"intermediate","intermediate","bad",514,"bad"
"515","1601_155_tmh",92.35,61.87,64.7,45.32,"intermediate","intermediate","bad",515,"intermediate"
"516","1601_156_tmh",91.08,54.33,68.2,58.36,"intermediate","intermediate","intermediate",516,"bad"
"517","1601_157_tmh",95.13,63.69,69,38.52,"intermediate","intermediate","intermediate",517,"intermediate"
"518","1601_158_tmh",92.4,64.72,73.9,40.18,"intermediate","intermediate","intermediate",518,"intermediate"
"519","1601_159_tmh",92.58,64.59,83.9,37.1,"intermediate","intermediate","intermediate",519,"intermediate"
"520","1601_160_tmh",93.88,60.34,84.7,51.48,"intermediate","intermediate","intermediate",520,"bad"
"521","1601_161_tmh",93.48,61.57,91.7,45.56,"intermediate","intermediate","intermediate",521,"intermediate"
"522","1601_162_tmh",95.09,62.36,91.8,41.91,"intermediate","intermediate","intermediate",522,"intermediate"
"523","1601_163_tmh",94.36,64.61,103.2,36.08,"intermediate","intermediate","intermediate",523,"intermediate"
"524","1601_164_tmh",95.52,61.25,107.2,33.87,"intermediate","intermediate","intermediate",524,"intermediate"
"525","1601_165_tmh",96.09,60.65,107.3,46,"good","intermediate","intermediate",525,"intermediate"
